Workbook

Sheet Tổng Quan Báo Cáo
A1: BÁO CÁO THỐNG KÊ TIẾP NHẬN VÀ GIẢI QUYẾT THỦ TỤC HÀNH CHÍNH
A4: Đơn vị thực hiện: | B4: Văn phòng Ủy ban Nhân dân Huyện
A5: Thời gian báo cáo: | B5: Quý II / 2026
B7: Tổng số hồ sơ tiếp nhận | C7: Hồ sơ đã giải quyết đúng hạn | D7: Hồ sơ đang giải quyết | E7: Hồ sơ trễ hạn
B8: =SUM('Dữ Liệu Chi Tiết'!F4:F23) -> 84 | C8: =COUNTIF('Dữ Liệu Chi Tiết'!I4:I23, "Đúng hạn") + COUNTIF('Dữ Liệu Chi Tiết'!I4:I23, "Trước hạn") -> 10 | D8: =COUNTIF('Dữ Liệu Chi Tiết'!H4:H23, "Đang xử lý") -> 7 | E8: =COUNTIF('Dữ Liệu Chi Tiết'!I4:I23, "Trễ hạn") -> 4
A11: STT | B11: Phòng Ban Chuyên Trách | C11: Tổng Tiếp Nhận | D11: Đã Trả Kết Quả | E11: Đang Xử Lý | F11: Tỷ Lệ Đúng Hạn
A12: 1 | B12: Phòng Tư pháp | C12: =COUNTIF('Dữ Liệu Chi Tiết'!C4:C23, "Phòng Tư pháp") -> 6 | D12: =COUNTIF('Dữ Liệu Chi Tiết'!C4:C23, "Phòng Tư pháp")-COUNTIFS('Dữ Liệu Chi Tiết'!C4:C23, "Phòng Tư pháp", 'Dữ Liệu Chi Tiết'!H4:H23, "Đang xử lý") -> 4 | E12: =COUNTIFS('Dữ Liệu Chi Tiết'!C4:C23, "Phòng Tư pháp", 'Dữ Liệu Chi Tiết'!H4:H23, "Đang xử lý") -> 2 | F12: =COUNTIFS('Dữ Liệu Chi Tiết'!C4:C23, "Phòng Tư pháp", 'Dữ Liệu Chi Tiết'!I4:I23, "<>Trễ hạn") / C12 -> 0.83333333
A13: 2 | B13: Phòng Tài nguyên và Môi trường | C13: =COUNTIF('Dữ Liệu Chi Tiết'!C4:C23, "Phòng Tài nguyên và Môi trường") -> 5 | D13: =COUNTIF('Dữ Liệu Chi Tiết'!C4:C23, "Phòng Tài nguyên và Môi trường")-COUNTIFS('Dữ Liệu Chi Tiết'!C4:C23, "Phòng Tài nguyên và Môi trường", 'Dữ Liệu Chi Tiết'!H4:H23, "Đang xử lý") -> 4 | E13: =COUNTIFS('Dữ Liệu Chi Tiết'!C4:C23, "Phòng Tài nguyên và Môi trường", 'Dữ Liệu Chi Tiết'!H4:H23, "Đang xử lý") -> 1 | F13: =COUNTIFS('Dữ Liệu Chi Tiết'!C4:C23, "Phòng Tài nguyên và Môi trường", 'Dữ Liệu Chi Tiết'!I4:I23, "<>Trễ hạn") / C13 -> 0.4
A14: 3 | B14: Phòng Quản lý Đô thị | C14: =COUNTIF('Dữ Liệu Chi Tiết'!C4:C23, "Phòng Quản lý Đô thị") -> 5 | D14: =COUNTIF('Dữ Liệu Chi Tiết'!C4:C23, "Phòng Quản lý Đô thị")-COUNTIFS('Dữ Liệu Chi Tiết'!C4:C23, "Phòng Quản lý Đô thị", 'Dữ Liệu Chi Tiết'!H4:H23, "Đang xử lý") -> 2 | E14: =COUNTIFS('Dữ Liệu Chi Tiết'!C4:C23, "Phòng Quản lý Đô thị", 'Dữ Liệu Chi Tiết'!H4:H23, "Đang xử lý") -> 3 | F14: =COUNTIFS('Dữ Liệu Chi Tiết'!C4:C23, "Phòng Quản lý Đô thị", 'Dữ Liệu Chi Tiết'!I4:I23, "<>Trễ hạn") / C14 -> 1
A15: 4 | B15: Phòng Lao động - TB&XH | C15: =COUNTIF('Dữ Liệu Chi Tiết'!C4:C23, "Phòng Lao động - TB&XH") -> 4 | D15: =COUNTIF('Dữ Liệu Chi Tiết'!C4:C23, "Phòng Lao động - TB&XH")-COUNTIFS('Dữ Liệu Chi Tiết'!C4:C23, "Phòng Lao động - TB&XH", 'Dữ Liệu Chi Tiết'!H4:H23, "Đang xử lý") -> 3 | E15: =COUNTIFS('Dữ Liệu Chi Tiết'!C4:C23, "Phòng Lao động - TB&XH", 'Dữ Liệu Chi Tiết'!H4:H23, "Đang xử lý") -> 1 | F15: =COUNTIFS('Dữ Liệu Chi Tiết'!C4:C23, "Phòng Lao động - TB&XH", 'Dữ Liệu Chi Tiết'!I4:I23, "<>Trễ hạn") / C15 -> 1
A16: Tổng | C16: =SUM(C12:C15) -> 20 | D16: =SUM(D12:D15) -> 13 | E16: =SUM(E12:E15) -> 7 | F16: =AVERAGE(F12:F15) -> 0.80833333

Sheet Dữ Liệu Chi Tiết
A3: Mã Hồ Sơ | B3: Tên Thủ Tục Hành Chính (TTHC) | C3: Cơ Quan/Phòng Ban | D3: Người Nộp | E3: Ngày Tiếp Nhận | F3: Số Lượng Chứng Từ | G3: Hạn Trả Kết Quả | H3: Trạng Thái | I3: Đánh Giá Tiến Độ
A4: HS-2026-001 | B4: Đăng ký khai sinh | C4: Phòng Tư pháp | D4: Nguyễn Văn A | E4: 2026-06-01 | F4: 3 | G4: 2026-06-03 | H4: Đã trả kết quả | I4: Trước hạn
A5: HS-2026-002 | B5: Cấp giấy chứng nhận quyền sử dụng đất | C5: Phòng Tài nguyên và Môi trường | D5: Trần Thị B | E5: 2026-05-10 | F5: 7 | G5: 2026-06-10 | H5: Đã trả kết quả | I5: Đúng hạn
A6: HS-2026-003 | B6: Xin cấp phép xây dựng nhà ở riêng lẻ | C6: Phòng Quản lý Đô thị | D6: Lê Văn C | E6: 2026-06-15 | F6: 5 | G6: 2026-06-30 | H6: Đang xử lý | I6: Trong hạn
A7: HS-2026-004 | B7: Trợ cấp bảo trợ xã hội hàng tháng | C7: Phòng Lao động - TB&XH | D7: Phạm Văn D | E7: 2026-06-20 | F7: 2 | G7: 2026-06-27 | H7: Đang xử lý | I7: Trong hạn
A8: HS-2026-005 | B8: Đăng ký kết hôn có yếu tố nước ngoài | C8: Phòng Tư pháp | D8: Hoàng Đạt M | E8: 2026-05-02 | F8: 4 | G8: 2026-05-15 | H8: Đã trả kết quả | I8: Đúng hạn
A9: HS-2026-006 | B9: Chuyển mục đích sử dụng đất | C9: Phòng Tài nguyên và Môi trường | D9: Đặng Thị E | E9: 2026-04-12 | F9: 6 | G9: 2026-05-12 | H9: Đã trả kết quả | I9: Trễ hạn
A10: HS-2026-007 | B10: Cấp chứng chỉ quy hoạch | C10: Phòng Quản lý Đô thị | D10: Vũ Hoàng G | E10: 2026-06-22 | F10: 3 | G10: 2026-07-05 | H10: Đang xử lý | I10: Trong hạn
A11: HS-2026-008 | B11: Xác nhận lý lịch tư pháp | C11: Phòng Tư pháp | D11: Đỗ Thị H | E11: 2026-06-25 | F11: 2 | G11: 2026-06-28 | H11: Đang xử lý | I11: Trong hạn
A12: HS-2026-009 | B12: Mai táng phí cho đối tượng người có công | C12: Phòng Lao động - TB&XH | D12: Bùi Văn K | E12: 2026-05-14 | F12: 4 | G12: 2026-05-21 | H12: Đã trả kết quả | I12: Đúng hạn
A13: HS-2026-010 | B13: Gia hạn sử dụng đất ngoại doanh nghiệp | C13: Phòng Tài nguyên và Môi trường | D13: Công ty TNHH Thắng Lợi | E13: 2026-05-20 | F13: 9 | G13: 2026-06-20 | H13: Đang xử lý | I13: Trễ hạn
A14: HS-2026-011 | B14: Trích lục bản sao hộ tịch | C14: Phòng Tư pháp | D14: Nguyễn Lê T | E14: 2026-06-26 | F14: 1 | G14: 2026-06-27 | H14: Đang xử lý | I14: Trong hạn
A15: HS-2026-012 | B15: Cấp phép sửa chữa công trình hạ tầng | C15: Phòng Quản lý Đô thị | D15: Tổng Công ty K | E15: 2026-05-05 | F15: 8 | G15: 2026-05-25 | H15: Đã trả kết quả | I15: Đúng hạn
... A23: HS-2026-020 | B23: Phê duyệt thiết kế phòng cháy cơ sở | C23: Phòng Quản lý Đô thị | D23: Trường Tiểu Học Bình Minh | E23: 2026-06-08 | F23: 6 | G23: 2026-06-22 | H23: Đã trả kết quả | I23: Đúng hạn
